{
  "lessons": [
    {
      "id": 0,
      "title": "Erste Schritte",
      "task_list": [
        {
          "name": "Was du brauchst",
          "stepic_id": 0,
          "task_files": {
            "task.py": {
              "name": "task.py",
              "text": "# Was du brauchst\n\nprint(\"Hallo Welt! Mein Name ist hier steht Dein Name.\")\n",
              "placeholders": [
                {
                  "offset": 52,
                  "length": 20,
                  "subtask_infos": {
                    "0": {
                      "hints": [
                        "Gib Deinen Namen ein."
                      ],
                      "possible_answer": "Tim",
                      "placeholder_text": "hier steht Dein Name",
                      "has_frame": true,
                      "need_insert_text": false
                    }
                  }
                }
              ]
            }
          },
          "test_files": {
            "tests.py": "from test_helper import run_common_tests, failed, passed, get_answer_placeholders\n\n\ndef test_ASCII():\n    windows \u003d get_answer_placeholders()\n    for window in windows:\n        all_ascii \u003d all(ord(c) \u003c 256 for c in window)\n        if not all_ascii:\n            failed(\"Benutze bitte keine Sonderzeichen.\")\n            return\n    passed()\n\n\ndef test_is_alpha():\n    window \u003d get_answer_placeholders()[0]\n    is_multiline \u003d window.find(\"\\n\")\n    if is_multiline !\u003d -1:\n        window \u003d window[:is_multiline-1]\n    splitted \u003d window.split()\n    for s in splitted:\n        if not s.isalpha():\n            failed(\"Benutze bitte keine Sonderzeichen.\")\n            return\n\n    passed()\n\n\nif __name__ \u003d\u003d \u0027__main__\u0027:\n    test_ASCII()\n    run_common_tests(\"Du solltest deinen Namen eingeben\")\n    test_is_alpha()\n"
          },
          "task_texts": {
            "task": "### Was du brauchst\n\n* Python\n* einen Quelltext-Editor\n\nFalls Du Python noch nicht installiert\nhast, findest Du die jüngsten offiziellen\nInstallationspakete hier:\n\nhttp://python.org/download/\n\nPython 3 ist zu bevorzugen,\nda es die neueste verfügbare Version ist!\n\nEin Quelltext-Editor erlaubt das\nLesen und Schreiben von Programmen.\nUm anzufangen benötgist du nur einen\nsimplen, einfach zu benutzenden Editor\nder dir nicht in die Quere kommt, aber\nimmer noch effektiv beim Schreiben vom\nPythonquelltext ist.\n\nHier sind ein paar Vorschläge:\n\n* [Pycharm Edu](https://www.jetbrains.com/pycharm-edu/)\n* [Sublime Text](https://www.sublimetext.com/)\n* [Geany](https://www.geany.org/)\n* [TextMate](https://macromates.com/)\n* [Gedit](https://wiki.gnome.org/Apps/Gedit) und [Kate](https://kate-editor.org/)\n* [Komodo Edit](https://www.activestate.com/komodo-edit)\n* [Atom](https://atom.io/)\n\nStelle Dich nun erstmal vor.\n"
          },
          "additional_files": {},
          "task_type": "edu"
        },
        {
          "name": "Was ist Python eigentlich",
          "stepic_id": 0,
          "task_files": {
            "task.py": {
              "name": "task.py",
              "text": "# Was ist Python eigentlich ?\n\nprint(\"Python ist eine Antwort hier eingeben.\")\n",
              "placeholders": [
                {
                  "offset": 54,
                  "length": 21,
                  "subtask_infos": {
                    "0": {
                      "hints": [
                        "Python ist eine Progr..."
                      ],
                      "possible_answer": "Programmiersprache",
                      "placeholder_text": "Antwort hier eingeben",
                      "has_frame": true,
                      "need_insert_text": false
                    }
                  }
                }
              ]
            }
          },
          "test_files": {
            "tests.py": "from test_helper import run_common_tests, failed, passed, get_answer_placeholders\n\n\ndef test_answer_placeholders():\n    placeholders \u003d get_answer_placeholders()\n    placeholder \u003d placeholders[0]\n    if placeholder \u003d\u003d \"Programmiersprache\":\n        passed()\n    else:\n        failed()\n\n\nif __name__ \u003d\u003d \u0027__main__\u0027:\n    run_common_tests()\n    test_answer_placeholders()\n\n"
          },
          "task_texts": {
            "task": "### Was ist Python eigentlich ?\n\nAlso, Python ist etwas, das\n`Programmiersprache` genannt wird.\nEs liest Text ein den Du geschrieben hast\n(üblicherweise als Code bezeichnet),\nverwandelt ihn in Befehle für den\nComputer und führt diese aus.\nWir werden lernen Code zu schreiben,\nder coole und nützliche Dinge tut.\nDu wirst nicht länger daran gebunden sein,\nProgramme von anderen Leuten zu\nverwenden um mit Deinem Computer\nDinge zu tun.\n\nPython ist praktisch einfach ein\nweiteres Programm auf Deinem Computer.\nZuerst werden wir lernen Python zu\nbenutzen und mit ihm zu interagieren.\nEs gibt mehrere Wege das zu tun;\nder erste ist mit dem Python\nInterpreter über die Textkonsole\nDeines Betriebssystems zu interagieren.\n\nWas ist Python ?\n\n"
          },
          "additional_files": {},
          "task_type": "edu"
        },
        {
          "name": "Python verwenden",
          "stepic_id": 0,
          "task_files": {
            "task.py": {
              "name": "task.py",
              "text": "# Python verwenden\n\nprint(\"Mit dem Befehl befehl startet man die\")\nprint(\"interaktive Python-Konsole.\")\n",
              "placeholders": [
                {
                  "offset": 42,
                  "length": 6,
                  "subtask_infos": {
                    "0": {
                      "hints": [
                        "py...."
                      ],
                      "possible_answer": "python",
                      "placeholder_text": "befehl",
                      "has_frame": true,
                      "need_insert_text": false
                    }
                  }
                }
              ]
            }
          },
          "test_files": {
            "tests.py": "from test_helper import run_common_tests, failed, passed, get_answer_placeholders\n\n\ndef test_answer_placeholders():\n    placeholders \u003d get_answer_placeholders()\n    placeholder \u003d placeholders[0]\n    if placeholder \u003d\u003d \"python\":\n        passed()\n    else:\n        failed()\n\n\nif __name__ \u003d\u003d \u0027__main__\u0027:\n    run_common_tests()\n    test_answer_placeholders()\n\n"
          },
          "task_texts": {
            "task": "### Python verwenden\n\nDas Pythonprogramm das du installiert\nhast agiert standardmäßig als etwas\ndas sich Interpreter nennt.\nEin Interpreter nimmt Befehle entgegen\nund führt sie dann aus.\n\nTippe in eine Konsole\n(Terminal des Betriebssystems) `python` ein,\ndrücke Enter und der Python-Interpreter\nsollte starten.\n\nDer Prompt \u003e\u003e\u003e in der letzten Zeile\nsignalisiert dass Du Dich nun in der\ninteraktiven Python Konsole befindet,\nauch ‘’Python Shell’’ genannt.\nNun kannst Du Python Code eingeben.\nVersuche: `print(\"Hello world\")`\nDrücke `Enter` und schau was passiert.\n\nUm die Python Shell zuverlassen,\ndrücke `Strg-Z` und Enter unter Windows,\noder `Strg-D` unter OS X oder Linux.\nAlternativ kannst Du auch den\nPython-Befehl `exit()` ausführen.\n\nFalls du viel Pythonquelltext\nauszuführen hast wirst du ihn in eine\nDatei speichern wollen damit du zum\nBeispiel kleine Stücke verändern\nkannst (einen Fehler beheben) und es\nnochmal ausführen kannst ohne den Rest\nwieder und wieder einzutippen.\nStattdessen kannst du deinen Quelltext\nin eine Datei speichern und den\nDateinamen an das python-Programm\nliefern. Es wird dann diese Datei\nausführen statt den interaktiven\nInterpreter auszuführen.\n\nLass uns das ausprobieren.\nErstelle eine Datei `hallo.py` in deinem\naktuellen Verzeichnis mit deinem\nLieblingseditor und schreib den\nprint-Befehl von oben. Jetzt speicher\ndie Datei. Diese Datei mit Python\nauszuführen ist ganz einfach:\n\n$ `python hallo.py`\n\n\n"
          },
          "additional_files": {},
          "task_type": "edu"
        }
      ]
    },
    {
      "id": 0,
      "title": "Einfaches Zeichnen mit turtle",
      "task_list": [
        {
          "name": "Einführung",
          "stepic_id": 0,
          "task_files": {
            "task.py": {
              "name": "task.py",
              "text": "# Einfaches Zeichnen mit turtle - Einführung\n\n",
              "placeholders": []
            }
          },
          "test_files": {
            "tests.py": "from test_helper import run_common_tests, failed, passed, get_answer_placeholders\n\n\ndef test_answer_placeholders():\n    placeholders \u003d get_answer_placeholders()\n    placeholder \u003d placeholders[0]\n    if placeholder \u003d\u003d \"\":       # TODO: your condition here\n        passed()\n    else:\n        failed()\n\n\nif __name__ \u003d\u003d \u0027__main__\u0027:\n    run_common_tests()\n    # test_answer_placeholders()       # TODO: uncomment test call\n\n\n"
          },
          "task_texts": {
            "task": "### Einfaches Zeichnen mit turtle - Einführung\n\nWir sind jetzt startklar und\nkönnen mit der Schildkröte anfangen!\n"
          },
          "additional_files": {},
          "task_type": "edu"
        }
      ]
    },
    {
      "id": 0,
      "title": "Edu additional materials",
      "task_list": [
        {
          "name": "Edu additional materials",
          "stepic_id": 0,
          "task_files": {},
          "test_files": {},
          "task_texts": {},
          "additional_files": {
            "test_helper.py": "import sys\n\n\ndef get_file_text(path):\n    \"\"\" Returns file text by path\"\"\"\n    file_io \u003d open(path, \"r\")\n    text \u003d file_io.read()\n    file_io.close()\n    return text\n\n\ndef get_file_output(encoding\u003d\"utf-8\", path\u003dsys.argv[-1], arg_string\u003d\"\"):\n    \"\"\"\n    Returns answer file output\n    :param encoding: to decode output in python3\n    :param path: path of file to execute\n    :return: list of strings\n    \"\"\"\n    import subprocess\n\n    proc \u003d subprocess.Popen([sys.executable, path], stdin\u003dsubprocess.PIPE, stdout\u003dsubprocess.PIPE,\n                            stderr\u003dsubprocess.STDOUT)\n    if arg_string:\n        for arg in arg_string.split(\"\\n\"):\n            proc.stdin.write(bytearray(str(arg) + \"\\n\", encoding))\n            proc.stdin.flush()\n\n    return list(map(lambda x: str(x.decode(encoding)), proc.communicate()[0].splitlines()))\n\n\ndef test_file_importable():\n    \"\"\" Tests there is no obvious syntax errors\"\"\"\n    path \u003d sys.argv[-1]\n    if not path.endswith(\".py\"):\n        import os\n\n        parent \u003d os.path.abspath(os.path.join(path, os.pardir))\n        python_files \u003d [f for f in os.listdir(parent) if os.path.isfile(os.path.join(parent, f)) and f.endswith(\".py\")]\n        for python_file in python_files:\n            if python_file \u003d\u003d \"tests.py\":\n                continue\n            check_importable_path(os.path.join(parent, python_file))\n        return\n    check_importable_path(path)\n\n\ndef check_importable_path(path):\n    \"\"\" Checks that file is importable.\n        Reports failure otherwise.\n    \"\"\"\n    saved_input \u003d patch_input()\n    try:\n        import_file(path)\n    except:\n        failed(\"The file contains syntax errors\", test_file_importable.__name__)\n        return\n    finally:\n        revert_input(saved_input)\n\n    passed(test_file_importable.__name__)\n\n\ndef patch_input():\n    def mock_fun(_m\u003d\"\"):\n        return \"mock\"\n\n    if sys.version_info[0] \u003d\u003d 3:\n        import builtins\n        save_input \u003d builtins.input\n        builtins.input \u003d mock_fun\n        return save_input\n    elif sys.version_info[0] \u003d\u003d 2:\n        import __builtin__\n        save_input \u003d __builtin__.raw_input\n        __builtin__.raw_input \u003d mock_fun\n        __builtin__.input \u003d mock_fun\n        return save_input\n\n\ndef revert_input(saved_input):\n    if sys.version_info[0] \u003d\u003d 3:\n        import builtins\n        builtins.input \u003d saved_input\n    elif sys.version_info[0] \u003d\u003d 2:\n        import __builtin__\n        __builtin__.raw_input \u003d saved_input\n        __builtin__.input \u003d saved_input\n\n\ndef import_file(path):\n    \"\"\" Returns imported file \"\"\"\n    if sys.version_info[0] \u003d\u003d 2 or sys.version_info[1] \u003c 3:\n        import imp\n\n        return imp.load_source(\"tmp\", path)\n    elif sys.version_info[0] \u003d\u003d 3:\n        import importlib.machinery\n\n        return importlib.machinery.SourceFileLoader(\"tmp\", path).load_module(\"tmp\")\n\n\ndef import_task_file():\n    \"\"\" Returns imported file.\n        Imports file from which check action was run\n    \"\"\"\n    path \u003d sys.argv[-1]\n    return import_file(path)\n\n\ndef test_is_not_empty():\n    \"\"\"\n        Checks that file is not empty\n    \"\"\"\n    path \u003d sys.argv[-1]\n    file_text \u003d get_file_text(path)\n\n    if len(file_text) \u003e 0:\n        passed()\n    else:\n        failed(\"The file is empty. Please, reload the task and try again.\")\n\n\ndef test_text_equals(text, error_text):\n    \"\"\"\n        Checks that answer equals text.\n    \"\"\"\n    path \u003d sys.argv[-1]\n    file_text \u003d get_file_text(path)\n\n    if file_text.strip() \u003d\u003d text:\n        passed()\n    else:\n        failed(error_text)\n\n\ndef test_answer_placeholders_text_deleted(error_text\u003d\"Don\u0027t just delete task text\"):\n    \"\"\"\n        Checks that all answer placeholders are not empty\n    \"\"\"\n    windows \u003d get_answer_placeholders()\n\n    for window in windows:\n        if len(window) \u003d\u003d 0:\n            failed(error_text)\n            return\n    passed()\n\n\ndef set_congratulation_message(message):\n    \"\"\" Overrides default \u0027Congratulations!\u0027 message \"\"\"\n    print(\"#educational_plugin CONGRATS_MESSAGE \" + message)\n\n\ndef failed(message\u003d\"Please, reload the task and try again.\", name\u003dNone):\n    \"\"\" Reports failure \"\"\"\n    if not name:\n        name \u003d sys._getframe().f_back.f_code.co_name\n    print(\"#educational_plugin \" + name + \" FAILED + \" + message)\n\n\ndef passed(name\u003dNone):\n    \"\"\" Reports success \"\"\"\n    if not name:\n        name \u003d sys._getframe().f_back.f_code.co_name\n    print(\"#educational_plugin \" + name + \" test OK\")\n\n\ndef get_answer_placeholders():\n    \"\"\"\n        Returns all answer placeholders text\n    \"\"\"\n    prefix \u003d \"#educational_plugin_window \u003d \"\n    path \u003d sys.argv[-1]\n    import os\n\n    file_name_without_extension \u003d os.path.splitext(path)[0]\n    windows_path \u003d file_name_without_extension + \"_windows\"\n    windows \u003d []\n    f \u003d open(windows_path, \"r\")\n    window_text \u003d \"\"\n    first \u003d True\n    for line in f.readlines():\n        if line.startswith(prefix):\n            if not first:\n                windows.append(window_text.strip())\n            else:\n                first \u003d False\n            window_text \u003d line[len(prefix):]\n        else:\n            window_text +\u003d line\n\n    if window_text:\n        windows.append(window_text.strip())\n\n    f.close()\n    return windows\n\n\ndef check_samples(samples\u003d()):\n    \"\"\"\n      Check script output for all samples. Sample is a two element list, where the first is input and\n      the second is output.\n    \"\"\"\n    for sample in samples:\n        if len(sample) \u003d\u003d 2:\n            output \u003d get_file_output(arg_string\u003dstr(sample[0]))\n            if \"\\n\".join(output) !\u003d sample[1]:\n                failed(\n                    \"Test from samples failed: \\n \\n\"\n                    \"Input:\\n{}\"\n                    \"\\n \\n\"\n                    \"Expected:\\n{}\"\n                    \"\\n \\n\"\n                    \"Your result:\\n{}\".format(str.strip(sample[0]), str.strip(sample[1]), \"\\n\".join(output)))\n                return\n        set_congratulation_message(\"All test from samples passed. Now we are checking your solution on Stepik server.\")\n\n    passed()\n\n\ndef run_common_tests(error_text\u003d\"Please, reload file and try again\"):\n    test_is_not_empty()\n    test_answer_placeholders_text_deleted()\n    test_file_importable()\n"
          },
          "task_type": "edu"
        }
      ]
    }
  ],
  "summary": "Programmiereinführung mit Python",
  "title": "Programmiereinführung mit Python",
  "programming_language": "Python",
  "language": "en"
}